93.0,0.0,0.6799999999999997,0.0,0.0,0.0,11.398
95.0,0.0,0.47999999999999865,136.82120358020424,7.6924500456541445,0.6748947223770964,0.01
95.0,18.493268019062672,-2.710000000000001,92.02727423312987,4.7176566248086085e-07,4.7176566336903925e-05,0.029
100.0,98.33635413284952,0.3099999999999987,4287.619460571386,72.07836252937717,1847.7618796660172,0.031
107.0,151.14326118496442,0.7299999999999986,6352.989599437748,183.60336335718202,2750.5486846558865,0.031
113.0,160.78925067145573,-1.6600000000000001,5553.271135541779,203.89942891288644,1701.8118621910328,0.033
114.0,153.47007362020884,0.6899999999999995,4040.0088091829793,171.0469590101529,310.83964662718677,0.032
124.0,160.23970528986524,0.9299999999999997,3116.8087935094045,146.38072282872577,-221.54221223384582,0.034
130.0,163.06805126855494,-2.2800000000000002,3022.149278858539,167.42469206511578,211.3231404485452,0.027
139.0,171.05601777439927,-1.25,2688.9621248268986,165.31268159074904,83.1344563775587,0.033
148.0,174.81442991749623,-0.6100000000000012,2613.147270902116,180.80874245844998,295.53711163790075,0.031
155.0,168.47336020266522,0.46999999999999886,2373.550618342308,178.341984388931,113.79207972370179,0.032
160.0,148.17627183275354,1.1899999999999995,2045.4477331722537,161.93496699210388,-204.32478783004169,0.032
171.0,157.8857566277543,2.379999999999999,1625.934125297927,127.90070879266126,-633.6113450028836,0.032
177.0,171.18864914883753,-0.9600000000000009,1828.7379799220564,167.58551289093623,303.11738322443534,0.031
182.0,168.44827109466794,1.9299999999999997,1844.1201020405815,184.06346976138266,415.31679395306907,0.032
191.0,174.81442991749623,0.7699999999999996,1618.900157958908,165.62279802780395,-88.2960333394995,0.031
201.0,157.88575662775506,1.549999999999999,1637.7536842954523,180.97588774887,198.75670423786357,0.032
206.0,153.8884951955203,-0.22000000000000064,1317.9772366493373,140.42951767918134,-545.5074671429286,0.031
214.0,164.05767719511988,1.2199999999999989,1317.5598210823264,150.02013746230298,-124.78573332959098,0.032
225.0,167.59524142275527,0.1899999999999995,1400.7136285242716,174.5442133354521,327.70425438538206,0.032
231.0,178.1577558896684,-0.040000000000000924,1332.618110414696,171.12933846452674,110.44053255535894,0.032
227.0,32.7874175223036,-1.5999999999999996,1373.5498187185888,188.70946717345188,329.7409776182334,0.031
221.0,-73.57038796042944,-0.19000000000000128,-73.41031940206835,-107.90219161837896,-4538.374488409114,0.033
216.0,-101.05568970934424,2.17,-392.96530881963594,-186.66441220985794,-3427.0916439220755,0.031
214.0,-108.48530298083793,-0.5099999999999998,-129.94910632266513,-126.84990908818467,-832.0715928658205,0.032
208.0,-117.44939847049577,-0.9600000000000009,-73.51474331714832,-116.14664698892048,-239.41700025257967,0.031
200.0,-113.82361770183576,-2.6500000000000004,-107.15332416771278,-126.12494154231419,-279.85622812317484,0.031
197.0,-116.43855021601973,-0.16999999999999993,-36.57526462274001,-110.20151301157756,116.8420867825227,0.032
189.0,-111.18276222855974,0.22999999999999865,-65.93419371358337,-119.1350743664505,-84.26637970096115,0.033
183.0,-103.48755266775228,0.9000000000000004,-14.025610835009681,-105.76878439059816,164.05993448368434,0.03
176.0,-107.60718420092769,-0.7800000000000011,22.442414572741097,-96.49832965500305,232.9741004249745,0.032
170.0,-116.43855021601897,4.799999999999999,-30.44866215196815,-111.99693610922616,-137.17974713432693,0.032
172.0,-105.85094664110876,0.4900000000000002,-71.58661076593039,-125.26058195543308,-275.68849185669114,0.032
171.0,-119.26228885482524,2.92,26.65232522075572,-95.27441029583943,330.5167607896666,0.031
166.0,-112.02286720847358,-3.37,-87.6843640512247,-132.24175198626676,-418.6923590787583,0.032
162.0,-117.44939847049577,-1.7100000000000009,0.48840300392415453,-104.55786380760968,233.28135627699726,0.031
158.0,-113.77910476829302,0.25,-51.7222311712213,-122.7012889916823,-169.41582326408195,0.032
155.0,-108.35904811478612,0.8499999999999996,-13.188103756775384,-109.99439565214412,118.27215987965326,0.031
156.0,-106.72906542101798,1.0199999999999996,7.033487602510252,-103.11351429676124,169.21076832338312,0.032
154.0,-116.4134611080218,1.67,1.718405327400788,-105.048255585614,52.52530735637417,0.032
150.0,-116.43855021601921,0.27999999999999936,-53.48359386142911,-126.08772958189262,-302.32088980846265,0.032
147.0,-122.00752286538157,0.16999999999999993,-27.723221996655376,-116.4636385428138,-0.7840102123307702,0.031
142.0,-118.35584366266077,0.2599999999999998,-55.167894048319454,-127.39720901294486,-173.8608434697833,0.031
130.0,-118.89500197176633,2.17,-22.39949954717866,-114.70776437414493,117.67997704889828,0.033
125.0,-119.26228885482539,-1.0500000000000007,-34.761796476587016,-119.4682631309219,-17.371550277441514,0.031
121.0,-107.60718420092789,2.1799999999999997,-35.26721826686534,-119.60703815093757,-11.12094503587689,0.032
114.0,-112.02286720847358,1.08,20.205858772790663,-95.58861750244962,375.5802093274459,0.032
107.0,-119.28818728888723,1.0,-28.25803130065562,-116.43393112914505,-137.84574752098342,0.031
103.0,-124.1743585152232,1.08,-51.396306928359685,-126.31956640420783,-226.81868113937446,0.03
95.0,-119.07290655574813,2.0599999999999987,-58.11182320121753,-128.8985674344579,-157.4736306411562,0.032
88.0,-115.56043143610957,1.209999999999999,-25.504983090725425,-113.63699417693485,169.872261837915,0.032
82.0,-115.5353423281121,1.549999999999999,-23.867432610973832,-112.05160511583423,109.65082250860429,0.032
82.0,-113.80419387629021,-0.7000000000000011,-32.71535731872451,-115.5102498127693,0.7841411044621083,0.032
75.0,-106.70397631302082,-0.5800000000000001,-27.344894888957494,-112.07489754668835,54.040510300058095,0.032
75.0,-116.54295327833103,0.0,-4.492979408554182,-99.61120715017705,221.64903633886775,0.031
78.0,15.856316254368517,-8.33,-58.1715743211993,-126.06514497257277,-307.1674740077983,0.032
82.0,124.75275687593778,-3.24,479.5558609169724,152.38362516950994,4266.47840359817,0.031
85.0,141.120567203028,-1.540000000000001,626.1506339272339,230.14280098441924,3399.6788422090794,0.031
86.0,142.88247004529828,-0.4299999999999997,483.7345818357869,157.47236211300506,527.4772551605492,0.032
91.0,153.47007362020884,1.17,457.80831838866874,144.6993684164555,56.77807409866347,0.032
99.0,169.3757587645078,1.5999999999999996,490.8019606868618,164.04673997132247,330.5208234723005,0.031
110.0,170.2295977624844,2.84,526.4257801991388,184.7694162613749,496.5695966731322,0.032
119.0,172.97564109910513,-1.1900000000000013,500.8269497412705,171.11023155145816,27.51980590542985,0.031
124.0,149.07947972066054,1.42,508.0411859459022,175.63329714594116,85.730840220517,0.032
129.0,159.32716634850956,-0.47000000000000064,420.4915546981699,124.43833665917097,-770.0357206715489,0.031
135.0,164.05767719511948,-1.0700000000000003,495.00390466057536,169.2449352995729,319.9280306794617,0.032
142.0,167.6499812947497,-0.6799999999999997,494.08947549157534,168.93572134208853,152.43887959278285,0.033
152.0,177.80483577050495,-0.08999999999999986,498.09416882620945,171.3504833549299,112.13642606606746,0.03
160.0,159.96207038354095,3.5199999999999996,523.5648104798731,187.02810626847403,307.4423499323028,0.033
163.0,147.4915819822433,1.7799999999999994,449.62956719742124,140.3570131141324,-594.0926445275317,0.031
171.0,156.12951906793535,0.7799999999999994,442.4186354520874,135.78846505944108,-377.5199007355555,0.032
178.0,172.975641099105,-1.3100000000000005,488.5400492859289,165.03687740261233,278.3549479586554,0.031
183.0,164.93579597502907,3.6099999999999994,526.2778779750323,189.27935120617408,525.9261324860994,0.032
190.0,172.88904321021087,2.99,477.84541977382395,156.6454452480338,-259.07346021860144,0.032
198.0,153.8884951955203,0.41000000000000014,514.3426953992375,180.8341495392496,248.28457278246077,0.031
208.0,155.67548714578913,0.47999999999999865,449.53703610413436,135.49981005664668,-593.1833915765683,0.031
214.0,159.9377415515431,0.6899999999999995,483.1680884435327,157.46079156519622,57.59046514216425,0.033
225.0,164.96088508302637,1.6999999999999993,494.5899074518315,164.47002769801927,137.342004438672,0.032
227.0,176.62732030182673,-0.5899999999999999,503.6624169834058,169.8268375153912,152.0610135114011,0.031
229.0,45.147013537753885,-1.040000000000001,530.6190243000711,187.9181399616962,364.21998902804773,0.03
223.0,-69.26418469687316,-0.3600000000000012,150.5626159480167,-81.97524954081756,-4237.408769285715,0.033
217.0,-99.2129768857916,0.3699999999999992,7.113463878648366,-194.97681959643333,-3809.473784835157,0.033
213.0,-109.26549330695073,0.5,90.91025579692317,-129.12852806760256,-906.5318539942709,0.031
208.0,-110.17193849911534,-2.0300000000000002,101.54209953868825,-118.69951644390473,-304.3233269985159,0.031
199.0,-116.43855021601921,-4.050000000000001,109.55831119446881,-111.07757432098317,-29.214058769929864,0.032
190.0,-111.11965932056631,-0.6100000000000012,91.93391846669712,-122.90071220312754,-201.94256209713515,0.032
187.0,-116.54295327833117,1.6899999999999995,110.88635047891455,-105.8063577202968,166.04067500842243,0.031
182.0,-104.09470908128932,0.5099999999999998,88.12651375384416,-121.7915865810104,-169.31075169933004,0.032
175.0,-104.06961997329205,1.0999999999999996,123.74470676071292,-91.25831990051901,401.1371618990722,0.032
176.0,-111.98482888344508,0.9699999999999989,105.41774812060153,-104.04453354780149,0.783950796579802,0.031
169.0,-108.51039208883496,-0.8499999999999996,83.79652148093068,-119.6451597461616,-247.10744718440372,0.032
173.0,-117.2915798879314,-4.010000000000001,99.1134233709212,-104.92766328468579,111.96027512966174,0.032
169.0,-115.79588306500841,-5.19,71.59787666458003,-126.06375215660681,-274.13038339610637,0.039
160.0,-115.27608821213843,-1.0200000000000014,81.97992892432981,-113.97617193494267,46.65925974527545,0.024
155.0,-112.02286720847384,-0.5099999999999998,79.30546966071856,-114.9564233766096,13.319368147034687,0.032
152.0,-111.98482888344535,-0.25,85.79541446474104,-107.68979856851323,135.40839499876932,0.031
151.0,-102.31338241347234,0.3099999999999987,78.20832208476335,-111.9480357403126,1.186875584927094,0.032
147.0,-112.02286720847358,0.5599999999999987,97.73511714121445,-92.34037780413409,311.65639404182,0.032
144.0,-112.03427134847219,-0.3200000000000003,62.27798475040939,-121.72221117712837,-303.1044990204622,0.033
141.0,-121.36437841951229,-0.16999999999999993,70.01594947589294,-112.04604593820156,-0.35680574937498477,0.03
131.0,-116.43855021601921,0.7999999999999989,47.61845236228112,-129.83852834449166,-282.4716641659787,0.032
129.0,-114.6572235482025,0.3899999999999988,65.54629428207598,-111.18980535363654,164.0232769494583,0.032
121.0,-118.38174209672249,0.6099999999999994,60.651029318392816,-112.87775677850394,55.60833655308011,0.031
118.0,-111.98482888344527,0.7400000000000002,47.87595110259764,-121.98632760078549,-116.2769517439674,0.031
115.0,-107.75239691691286,1.0,62.59596368854852,-105.59417153505298,206.15023704491273,0.033
108.0,-112.91717250967183,-1.0899999999999999,61.64765035675796,-103.25188187616243,136.37924365910376,0.031
103.0,-117.31666899592885,0.07000000000000028,43.92924485891357,-117.76422084491253,-156.3563979109904,0.032
99.0,-117.29157988793143,-0.2900000000000009,36.65317432319352,-121.85335289415198,-141.77137181947302,0.032
92.0,-119.4910583557051,-0.8100000000000005,38.10600884586033,-117.26653808605099,0.7825563087641854,0.03
84.0,-113.77910476829284,1.0199999999999996,30.65914153541243,-121.55120863508078,-68.67167597918936,0.032
79.0,-116.542953278331,-1.0099999999999998,41.571856681637534,-107.69268979747301,190.20046783811964,0.031
75.0,-106.7290654210183,0.22999999999999865,26.968884905630354,-119.21784710198705,-86.28689753729188,0.032
76.0,-108.62823486882274,1.6199999999999992,46.17829448712695,-96.60917583146616,316.24654967350443,0.033
79.0,18.206599145481412,-5.57,29.39950194410677,-110.58452874008918,-59.28163246261954,0.031
85.0,117.59097657670073,-4.840000000000001,265.7896646867103,137.23757444320745,3839.708880571808,0.03
83.0,129.16176907471,1.75,344.00677229748,213.6810385956704,3203.0020672989895,0.033
89.0,149.0543906126632,-0.15000000000000036,272.85118529379986,141.8756129185715,385.2679952685289,0.032
89.0,159.66708329557122,3.4799999999999986,300.24413123220546,168.32409988766682,602.1784148438626,0.032
101.0,177.80483577050498,-2.380000000000001,305.0930546335135,170.26885298991024,331.30530294809483,0.03
110.0,168.47336020266513,-0.8499999999999996,332.02014080373164,194.79334324121973,566.2835823571587,0.032
119.0,159.086232431631,1.379999999999999,301.2255281228673,158.53018819910204,-310.72412511134655,0.033
128.0,151.47130801641444,-1.1300000000000008,297.12060589427296,149.41659431850857,-293.01933676128556,0.03
130.0,163.88529074339536,1.799999999999999,295.6370565013477,144.55499910536363,-230.5436303683598,0.031
138.0,163.3681068631904,0.379999999999999,329.14500821828386,176.70059174346687,413.39680645392025,0.033
147.0,176.6532187358881,1.7699999999999996,320.4004008527117,162.81822031389873,-16.66322876641408,0.031
156.0,170.22959776248416,1.9900000000000002,347.29294980315905,189.12103125585824,402.18750064419856,0.032
163.0,157.51427596418006,1.4100000000000001,328.60095925851255,163.6057868084205,-206.9940923144897,0.031
169.0,152.5919548402989,-0.8200000000000003,316.1555854067402,145.20844923127282,-396.96215267442665,0.032
177.0,166.692033534849,0.6399999999999988,322.17649116788647,147.5161569262013,-158.61868481555035,0.032
184.0,176.65321873588766,-2.74,354.43449736368103,180.77744516119466,440.1691133233018,0.031
187.0,174.81442991749648,-1.9800000000000004,363.41730208016014,186.29360846236872,310.98031375745376,0.031
190.0,164.0576771951196,-1.3499999999999996,356.0828614335466,172.97741267926318,-59.25862058817063,0.032
194.0,149.05439061266327,0.8599999999999994,343.43242578475497,152.96551112500248,-346.6301896911598,0.032
205.0,162.97884555122997,-0.030000000000001137,331.70833349100485,134.0668252779566,-468.36141670958335,0.031
218.0,164.05767719512036,-3.37,370.7112268483004,176.4549701612401,434.7136970971017,0.032
224.0,171.056017774399,1.7199999999999989,365.4058966780152,165.1700628465265,34.76205160644116,0.033
219.0,42.35041429964181,-2.45,380.2800505307356,178.26513891997976,218.4582165327503,0.032
216.0,-65.54893661054523,0.3899999999999988,176.33390717841183,-82.32479224209658,-3896.1002044293245,0.031
210.0,-96.14146184610777,-0.20000000000000107,103.95251389579029,-169.97400506605928,-3368.5505953391635,0.032
204.0,-105.61381410422977,-0.7400000000000002,137.4494513659775,-127.68788913438844,-985.8258527587709,0.031
195.0,-112.02286720847333,0.5,144.7718012192988,-114.78119528113795,-295.72197344865083,0.032
194.0,-114.7300628940014,-1.5,138.69879387476252,-118.6317497888787,-206.52758063766754,0.031
187.0,-114.65722354820275,-0.6300000000000008,136.5452017533705,-117.35014395981888,-84.51874405862827,0.032
182.0,-106.72906542101798,-1.1100000000000012,135.4372371268004,-114.58214367748603,2.3462459598976153,0.032
180.0,-103.19150119338231,0.33000000000000007,144.3188857543399,-98.80922955612242,247.49487077798625,0.032
180.0,-116.6810782599946,-6.130000000000001,140.544496239884,-99.65762697425085,110.43356934785805,0.03
174.0,-108.62823486882237,-1.08,114.64365932600879,-129.3161282742785,-421.16833380946315,0.033
171.0,-112.02286720847358,1.799999999999999,134.2881376437317,-99.77999046545469,268.12861828386946,0.032
169.0,-117.44939847049604,0.8399999999999999,119.61885061217215,-115.31114415522657,-102.75865458603079,0.031
168.0,-117.2915798879314,1.75,110.77978310198158,-122.70118326919574,-169.41241286128076,0.032
164.0,-117.19198373194143,1.4499999999999993,111.58952007402571,-117.12879253801762,5.087104684805723,0.033
156.0,-111.07838369128046,0.03999999999999915,108.05951149747692,-117.08934752161188,3.1101881918043635,0.031
150.0,-107.42670448855927,0.9100000000000001,113.38769318158724,-105.34093892564044,185.07886340774263,0.031
148.0,-116.43855021601921,-0.41999999999999993,111.37604029405487,-103.77858266161168,117.68134925637376,0.032
141.0,-110.26662964865427,0.03999999999999915,92.00385254607467,-125.73141170185701,-290.40192143243115,0.032
134.0,-118.35584366266077,-0.7200000000000006,104.14227058226513,-104.10115892479728,192.67096012053105,0.031
128.0,-116.31614578003173,1.209999999999999,84.9596610270017,-126.18462023830439,-252.5411798594713,0.033
123.0,-117.44939847049591,-0.6300000000000008,89.99135133398141,-114.14722858266943,65.72476355643346,0.031
116.0,-117.44939847049577,0.15000000000000036,83.56642925738333,-118.51295155390305,-34.308163980875534,0.031
116.0,-112.91717250967193,0.28999999999999915,80.88891864938309,-117.44939963164188,-3.7456326424489816e-05,0.031
110.0,-111.11965932056638,0.28999999999999915,83.99106748310469,-108.38938445394732,146.05767921692282,0.032
104.0,-112.90098598838317,0.1899999999999995,79.8971105757652,-109.26609490074071,57.92388811955209,0.032
99.0,-119.28818728888726,-0.39000000000000057,72.74745325250674,-114.68045182762765,-55.608307476389996,0.031
95.0,-115.4646366601194,0.16999999999999993,61.84677772558292,-125.46974268943922,-199.4050129210311,0.033
91.0,-123.26446019851683,0.2699999999999996,67.81812457839042,-111.39892371796238,123.20342248960677,0.03
87.0,-113.77910476829281,0.5199999999999996,51.53287657571706,-130.34869914242728,-236.14129813034876,0.032
81.0,-116.31614578003176,0.5499999999999989,66.45637786520395,-103.67194289990373,315.84880838715947,0.033
78.0,-111.9848288834452,-0.25,52.62296538312325,-118.92954944978521,-79.19405059858946,0.031
74.0,-112.9076764171825,-0.5700000000000003,56.483784882535836,-107.92001430988635,131.1230507599628,0.03
84.0,14.125167802546622,-6.370000000000001,49.22138209760017,-113.79995418927433,-29.742592403060968,0.032
85.0,111.99777810047605,2.0700000000000003,225.1179565498033,149.48519708612906,4230.000915111951,0.032
87.0,122.61047078338413,0.2400000000000002,265.38041252797973,209.76829748613594,3055.3287308018726,0.032
92.0,156.18136989112992,1.2699999999999996,218.46976270062268,133.2121155445416,331.3013987861714,0.03
98.0,155.68019595198146,-0.2400000000000002,258.1592011542502,187.62526239949065,1048.129750278691,0.033
104.0,165.81391475493876,-0.6300000000000008,240.35075706979862,155.1295380348055,-16.686603550786458,0.032
108.0,168.4733602026651,-0.16999999999999993,257.60498001912737,175.6302991003674,306.7620107946455,0.032
114.0,162.07240035906574,0.2699999999999996,259.25295535063685,171.13005221250506,83.02162530749865,0.031
123.0,143.83990277952236,-2.62,253.82971364448102,155.877580055068,-199.8329130321854,0.031
128.0,156.12951906793523,-1.2400000000000002,238.3941622334501,125.62521342390833,-587.5706243746458,0.032
130.0,157.00763784784482,0.16999999999999993,270.07105819435947,168.80231418399492,396.0248473768653,0.032
142.0,176.86817573860137,2.26,267.52417929023744,157.88487188372545,27.41356362126936,0.03
150.0,165.9226342229275,2.4799999999999986,295.6862681062887,195.47042715225962,620.0750471219417,0.033
161.0,152.98205000335597,3.8200000000000003,274.1128244490902,153.89602443883356,-364.44272073011985,0.031
168.0,145.51682638502712,-1.7400000000000002,270.1991638995935,140.8377917012811,-391.7502678088668,0.032
178.0,170.2822039566729,-0.6300000000000008,272.71843309993625,137.81879735344725,-240.56340723687094,0.031
183.0,168.47336020266474,-0.5400000000000009,311.6476853182157,194.25015627884923,773.1597523282688,0.032
188.0,172.86395410221334,1.92,299.3069332722481,166.60812043549865,-58.288742723940345,0.032
190.0,168.44341513828118,2.4299999999999997,310.50823422893006,177.2500510160153,137.06552855631102,0.031
199.0,141.13155441747867,0.1999999999999993,307.25063668623807,164.16530890040616,-138.00342702822613,0.033
203.0,150.23681599279936,1.2400000000000002,281.0553343968146,112.08994538155827,-880.0487586642546,0.031
211.0,157.88575662775452,0.5800000000000001,312.2311530788258,158.78191793311242,275.64844968751845,0.032
219.0,175.72087510966108,3.459999999999999,320.69562904779616,165.77323316094257,246.4836416621268,0.031
219.0,31.737721616734575,0.5399999999999991,341.4449675472073,192.98184047130977,556.8053342467315,0.032
213.0,-67.91621534901157,0.08000000000000007,161.67844942783722,-116.7348510420666,-4639.767895587536,0.032
203.0,-95.2633430661983,-0.0600000000000005,132.1865341154862,-167.4661099447359,-3110.934206116386,0.032
195.0,-114.78099648098981,0.4299999999999997,155.84113830219198,-122.58192661845428,-853.7057360079993,0.03
191.0,-111.99777810047578,2.01,146.26953985628006,-133.0619976946183,-609.3667071209492,0.032
181.0,-114.6823126562003,0.8399999999999999,157.24202589567508,-109.03205058684158,92.67898480106908,0.032
178.0,-109.36342176074689,-1.4800000000000004,148.99427149001576,-117.36402170344275,-83.80340772632647,0.032
177.0,-102.89447852773569,0.7899999999999991,153.09392641491158,-104.05013840835745,166.0401047621697,0.031
174.0,-106.72906542101798,-3.4700000000000006,154.17303238475324,-96.63381072801235,201.95702579752677,0.032
172.0,-111.18276222855974,5.82,142.95837857262796,-110.68333701944637,-123.57098745088703,0.033
168.0,-108.48530298083742,2.26,136.65258119084066,-115.77033093642926,-139.01723357180362,0.032
169.0,-117.6177382918983,-0.370000000000001,138.63372520725318,-105.8722458313525,81.6580359214037,0.03
165.0,-113.76161842029448,0.0,123.91653716896823,-126.17155518224354,-285.1272296781742,0.033
168.0,-114.6572235482025,1.25,129.77266861251638,-109.52460336830009,128.39439551498134,0.032
164.0,-113.79771926777482,0.6699999999999999,123.07455170800087,-115.52474878129942,-27.11016353427908,0.031
165.0,-111.07838369128021,0.5599999999999987,121.12488003384007,-112.96587727453642,26.83361268510943,0.031
159.0,-112.02286720847358,0.5700000000000003,120.40249327418984,-108.36170350098898,87.63484484810424,0.032
156.0,-113.77910476829302,0.8399999999999999,114.4516358881642,-112.99678906458296,-30.435058003417907,0.032
153.0,-115.63650808616602,0.129999999999999,109.66213424958639,-115.5334889872016,-54.82450684089258,0.031
143.0,-121.10107767321698,0.2400000000000002,105.26678007530175,-117.43410826880537,-57.98710266578573,0.031
141.0,-113.7616184202946,1.2599999999999998,96.78170471412973,-126.5602924623777,-176.10370287615234,0.033
132.0,-118.19478777583853,1.7899999999999991,104.08010833673856,-105.95728208923879,236.49504033502433,0.032
123.0,-114.65722354820242,0.16999999999999993,91.9163734304711,-122.48907741088111,-134.1965510950804,0.032
116.0,-111.07838369128041,-0.23000000000000043,94.3014073334486,-111.12335245219992,110.43347175007807,0.031
110.0,-110.26662964865422,0.9000000000000004,92.78937870562483,-107.61479078460223,111.72880344123138,0.032
102.0,-113.79771926777478,1.0299999999999994,88.32586479016277,-109.42953849549028,26.159098536373023,0.031
96.0,-114.61312754020702,-0.11000000000000121,80.81279792262985,-117.21508196069254,-110.23750622315384,0.033
91.0,-120.42771838760872,0.75,78.06357383658438,-115.48018610879966,-26.27450207856471,0.03
85.0,-114.7300628940014,0.28999999999999915,69.23071607631024,-125.70884070313723,-176.037410517617,0.031
82.0,-113.61377397969447,1.9299999999999997,74.69151414915899,-108.84824773308557,189.73597293276885,0.039
77.0,-114.10526317225933,0.8200000000000003,68.33907610526305,-112.21147416543201,35.95640549390947,0.024
72.0,-106.70397631302082,-0.7900000000000009,64.61665785848763,-114.40752958298876,-12.594433780392649,0.032
74.0,-110.26662964865407,0.35999999999999943,71.10612156083721,-96.84592397206056,308.0641356550078,0.032
75.0,19.113044337646155,-8.370000000000001,59.090219417801784,-113.82555322275844,-111.21636169076146,0.031
80.0,122.00752286538172,-8.610000000000001,189.04879170024853,144.3265412996355,4039.145063289979,0.031
86.0,132.31995557838502,-2.1400000000000006,232.0521140334905,224.8009312255418,3315.9163987148413,0.032
90.0,138.46678703775265,-0.2900000000000009,193.45258970578956,142.95388127400506,332.3101779881258,0.032
99.0,162.30143963530017,2.459999999999999,198.14779558385848,144.60721121186864,191.88825544112433,0.032
105.0,175.72087510966134,2.41,222.9470860166342,186.11131078918967,744.058473559047,0.031
113.0,173.90798472533172,-0.41000000000000014,229.08074191190633,188.7083080518258,418.94944974724115,0.031
117.0,162.3014396353003,1.9100000000000001,225.6459311225886,172.0968779875134,-58.422797994139046,0.032
122.0,144.63870760511742,2.0700000000000003,219.8086707739364,150.33308331134347,-374.01113512365157,0.032
130.0,164.81763436962197,-1.25,212.96358362382355,126.99450484623581,-551.38133621505,0.031
139.0,161.39823174739314,-0.370000000000001,245.42941844450112,184.34679457400128,629.9729098186873,0.032
150.0,171.13280565039142,-0.7200000000000006,237.13904123369932,157.87221763650726,-110.18794096518366,0.032
154.0,171.107716542394,0.5700000000000003,253.12600045109187,180.85721048355302,303.8876510362999,0.032
163.0,161.14005673283904,3.67,253.5020506275773,171.0826914675444,-0.782033589049604,0.031
174.0,148.2013609407511,0.05999999999999872,248.7714374205351,151.49347541092806,-311.1800426422896,0.032
178.0,163.1795584152099,-0.620000000000001,245.50082263912333,134.85924918970017,-416.94099222034134,0.032
183.0,164.05767719511908,-0.41000000000000014,270.6558511658557,178.14211289780022,467.5798275809479,0.032
191.0,176.62732030182647,4.27,269.3120851836013,164.9348815719558,27.41263677614694,0.031
197.0,161.42332085539047,1.1799999999999997,285.55195484170247,188.79237478666178,392.42111241404257,0.032
199.0,148.39802717440818,1.299999999999999,270.1380321318441,145.74531046255635,-489.9378247760668,0.031
206.0,153.86259676145886,1.5199999999999996,269.8514279954807,135.79219121168407,-406.6398697652937,0.031
211.0,162.51659774327783,-1.2100000000000009,285.4684428757118,159.3218708756838,176.10561658790107,0.033
219.0,170.2563055226104,1.58,296.0403830149177,171.7186653673246,278.8505340620238,0.031
212.0,36.178493732278014,-1.25,303.643031710943,177.51987737574515,234.30876945595955,0.032
209.0,-76.47807578464713,-0.4299999999999997,176.82569588190762,-102.07994196124432,-4320.576115422573,0.031
199.0,-96.14146184610726,-0.5700000000000003,136.9642768925805,-185.50720100764278,-3517.068555580504,0.032
195.0,-108.51039208883496,0.9199999999999999,167.10080809674156,-116.41798130015134,-633.6412329388772,0.032
189.0,-113.77910476829328,-0.3000000000000007,161.92900395475002,-120.8663822701432,-386.1246931658826,0.032
180.0,-116.65431654479669,-0.27000000000000135,159.31804540603758,-119.04233125670132,-164.47582776275104,0.03
175.0,-104.34636043726346,-0.3800000000000008,155.7418809736982,-119.34736438645764,-89.76826138869866,0.033
173.0,-102.31338241347287,1.4399999999999995,165.16291726859916,-90.82265712410448,409.80919130784764,0.032
173.0,-105.85094664110851,-1.8200000000000003,157.73723123944615,-100.34402250851919,61.54249702980246,0.032
171.0,-118.55439832380175,8.38,150.46649059343727,-109.38488169712817,-110.4354705006144,0.03
169.0,-107.75239691691279,0.7299999999999986,137.42136514559965,-130.4527274550243,-396.61097104075145,0.033
168.0,-114.68231265619978,-0.9500000000000011,149.4939257630042,-95.88336580543778,359.66760943863653,0.032
166.0,-119.26228885482524,0.629999999999999,134.98829363608732,-121.3952518341692,-209.77934931154437,0.031
164.0,-116.43855021601921,1.629999999999999,130.41455746847438,-123.69477938250401,-142.9835654089925,0.032
163.0,-111.14474842856413,2.09,131.28272603507915,-113.52671813194672,90.99475262726526,0.032
168.0,-108.33314968072388,-0.6600000000000001,131.07175613591133,-105.85641009352257,165.26057297004854,0.031
166.0,-114.30597603623875,0.02999999999999936,127.95247278310941,-105.61210934445377,87.77549471839042,0.04
165.0,-116.44691325201805,0.009999999999999787,117.03992178312039,-122.00029763909335,-192.35804007136505,0.024
161.0,-115.63650808616629,-0.6799999999999997,115.73167415847847,-117.73072453534274,-53.492136805195486,0.031
157.0,-119.07290655574799,0.21999999999999886,113.92898981053243,-114.5907891336656,33.7328694355061,0.032
151.0,-114.65722354820262,-0.07000000000000028,106.84481297477966,-122.61645457597795,-110.7358756321864,0.032
145.0,-122.91396805754646,-1.1600000000000001,108.54889996331538,-110.24616134296753,137.845693913597,0.031
135.0,-112.90098598838317,-0.370000000000001,96.13307236232248,-130.9048940627786,-257.77180662039154,0.032
120.0,-105.85094664110858,-0.5200000000000014,104.71795940053077,-102.57581468715368,322.66160316342143,0.032
114.0,-110.26662964865424,0.2599999999999998,102.86090471005319,-98.808288839599,220.08305629717412,0.032
108.0,-119.26228885482541,0.29999999999999893,92.75647415586349,-114.67769679579042,-137.84584834800566,0.031
100.0,-115.53534232811212,1.2599999999999998,83.57700855658827,-127.96828819769424,-280.8386884796396,0.032
93.0,-119.28818728888726,1.4900000000000002,86.81440651656933,-111.6921486062771,120.09980380734447,0.031
86.0,-121.36437841951236,-0.09999999999999964,78.45461009663192,-122.92014972989699,-117.16007874224931,0.03
83.0,-114.6572235482025,0.8499999999999996,74.65855267674057,-123.37175552138447,-66.91257006240367,0.032
75.0,-112.91010930038222,1.129999999999999,77.66242903608521,-107.51036723772121,223.33925970253995,0.033
73.0,-106.52025929639451,1.4699999999999989,72.37271954732783,-111.1103566597559,54.537958806858285,0.031
72.0,-115.63650808616629,0.8899999999999988,73.33226734797596,-100.52351008406914,193.44352297823787,0.031
75.0,10.929139174101245,-7.200000000000001,59.67387249697749,-124.74379759554603,-293.78353256063656,0.031
80.0,113.77910476829284,-0.41999999999999993,168.15884389589462,137.37055152288764,4078.755237057626,0.032
84.0,137.70118910583136,-0.27000000000000135,202.98142805611053,219.83596412412885,3314.276854869875,0.033
89.0,142.9593560214194,-1.33,183.01631794938967,162.34345684812726,746.735386130179,0.031
96.0,157.51427596417986,-2.040000000000001,181.4420577497267,147.89398109078263,159.18145385042624,0.031
105.0,166.77414334283995,-3.000000000000001,195.82637234192367,172.05488751054148,469.0519853665042,0.033
116.0,172.09509434100218,1.92,202.54997314581829,176.62038649860824,298.3710047202511,0.031
120.0,173.88208629126993,0.5099999999999998,207.76355361358847,177.0887390445143,161.08531301652002,0.031
129.0,142.02944037338602,1.0099999999999998,212.22987485465003,175.6673582798743,57.589418987237195,0.032
132.0,149.30447236657304,-0.11000000000000121,190.1742514118827,109.18366720077445,-1026.4304116441117,0.031
138.0,153.95284888015902,-0.6900000000000013,213.3198305725024,156.3452635413145,227.12229595940153,0.033
148.0,175.74677354372318,-1.3100000000000005,218.99652502546778,158.89561757354772,149.78086949662685,0.031
157.0,169.35147898257483,0.9599999999999991,238.66085852923774,196.19976656369502,659.7739683861881,0.032
168.0,163.88529074339536,-1.4400000000000013,230.44626094313597,162.7568234391638,-206.0829857315946,0.031
164.0,68.79433412892155,0.9799999999999986,233.73352326076778,158.59507756911788,-170.6520378799184,0.032
162.0,4.558124394885816,1.08,162.92503185860906,-29.26154678032774,-3064.24627841404,0.031
162.0,0.0,-0.3000000000000007,152.41418360475356,-57.60968912536118,-2005.4133393628063,0.032
154.0,0.0,0.5899999999999999,173.73208925459764,-4.700255368783124,-146.88298027447263,0.032
153.0,0.0,0.049999999999998934,175.48397445911306,2.400719944218821e-05,0.0007502249825961371,0.032
151.0,0.0,0.6799999999999997,175.4087051000167,6.148837465417301e-06,0.00019215117079428897,0.031
147.0,0.0,0.41999999999999993,175.320233238623,2.507708074589065e-05,0.0008089380885771643,0.032
145.0,0.0,0.5700000000000003,175.22205171611296,1.967348808615972e-05,0.000614796502692494,0.032
148.0,0.0,0.29999999999999893,175.11626389105487,2.5064018181213404e-05,0.000783250568162846,0.031
145.0,0.0,0.35999999999999943,175.02400960606417,1.4024106734150286e-05,0.00045239053981125266,0.031
143.0,0.0,0.16999999999999993,174.92189266045213,1.637342414957912e-05,0.0005281749725670192,0.033
140.0,0.0,0.4499999999999993,174.81602818601064,1.3201679935347081e-05,0.0004000509071317869,0.032
143.0,0.0,0.40000000000000036,174.69802482195715,2.1970049810623757e-05,0.0006865640565819083,0.03
144.0,0.0,0.4599999999999991,174.59103888352203,1.6216733870311415e-05,0.0005405577956770651,0.033
145.0,0.0,0.3899999999999988,174.487314937117,2.3536737641389322e-05,0.0007132344739814422,0.031
145.0,0.0,0.5599999999999987,174.38823456542397,1.718784705777355e-05,0.0005544466792829813,0.032
149.0,0.0,0.2699999999999996,174.28794129218304,2.4564352888824384e-05,0.0007676360277756344,0.031
152.0,0.0,0.4499999999999993,174.20421181893485,1.2782063921339519e-05,0.0004123246426238186,0.032
154.0,0.0,0.4599999999999991,174.1286273270618,1.9458170876330374e-05,0.0006080678398853359,0.031
161.0,0.0,0.4499999999999993,174.05976114689113,1.7619447204564035e-05,0.0005683692646632899,0.033
162.0,0.0,0.41999999999999993,174.01359114149443,1.934093854099545e-05,0.0005860890466968466,0.03
171.0,0.0,0.5,173.97118680017735,1.3536283029847882e-05,0.00045120943432831696,0.032
175.0,0.0,0.41000000000000014,173.95649849671022,1.7297459624463835e-05,0.0005405456132644526,0.032
180.0,0.0,0.4499999999999993,173.95539824655287,1.3490682908238008e-05,0.00042158384088244154,0.033
176.0,0.0,0.4499999999999993,173.96950674650734,1.5167416269323897e-05,0.00045961867482794923,0.03
175.0,0.0,0.41999999999999993,173.97106503722716,1.2056686076874018e-05,0.00040188953589589905,0.032
179.0,0.0,0.35999999999999943,173.9698259964421,1.3827698771594097e-05,0.0004321155866123628,0.033
177.0,0.0,0.27999999999999936,173.9816089944497,1.209141858994574e-05,0.0003664066239376963,0.031
174.0,0.0,0.4599999999999991,173.98798536357756,7.959007857736495e-06,0.00025674218895924036,0.031
175.0,0.0,0.35999999999999943,173.98321212456204,1.3971564088079968e-05,0.00045069561574462237,0.032
172.0,0.0,0.3200000000000003,173.982575504542,1.18254509856645e-05,0.00036954534330207946,0.032
168.0,0.0,0.3899999999999988,173.97318500700837,1.1086566457262255e-05,0.00034645520178941896,0.032
160.0,0.0,0.46999999999999886,173.95093239201128,1.4220411097884664e-05,0.0004443878468089067,0.031
157.0,0.0,0.40000000000000036,173.90367210981546,1.6804689715859482e-05,0.0005420867650277725,0.032
157.0,0.0,0.3899999999999988,173.84832730782892,1.6732288244585445e-05,0.0005228840076433013,0.032
152.0,0.0,0.3899999999999988,173.79341969645563,1.6387182851766193e-05,0.0005120994641177588,0.031
152.0,0.0,0.4599999999999991,173.72378265643079,1.579522601096679e-05,0.000509523419708555,0.031
146.0,0.0,0.46999999999999886,173.65384995210462,1.7909091088693965e-05,0.0005777126157641801,0.032
149.0,0.0,0.3699999999999992,173.5662703524833,2.1213099237204342e-05,0.0006629093511625569,0.032
149.0,0.0,0.46999999999999886,173.4891814159935,1.7256845106930483e-05,0.0005392764095915604,0.032
151.0,0.0,0.5099999999999998,173.41154196036715,2.0582655670219555e-05,0.0006432079896943262,0.031
156.0,0.0,0.41000000000000014,173.339893082446,1.955272407108872e-05,0.0006307330345512016,0.032
153.0,0.0,0.3099999999999987,173.28446618853621,1.715357921389916e-05,0.0005360493504344654,0.032
155.0,0.0,0.28999999999999915,173.22151975960747,1.4399196364949487e-05,0.00044997488640473337,0.03
160.0,0.0,0.41000000000000014,173.16502594141326,1.0976761696109797e-05,0.00036589205653701133,0.031
166.0,0.0,0.5299999999999994,173.12233196605547,1.4839945423049148e-05,0.00047870791687265797,0.032
163.0,0.0,0.3200000000000003,173.0962386120306,1.9127146589262903e-05,0.0005977233309144637,0.032
170.0,0.0,0.40000000000000036,173.06362917930346,1.2703367604142263e-05,0.0003969802376294531,0.031
172.0,0.0,0.3099999999999987,173.05076979234823,1.2706159573655218e-05,0.0004098761152791645,0.033
174.0,0.0,0.47999999999999865,173.04466833571334,1.1588030224510142e-05,0.00035115243104577316,0.032
171.0,0.0,0.1899999999999995,173.04271407365013,1.5847060444373864e-05,0.0004952206388866957,0.031
177.0,0.0,0.5999999999999996,173.0349623150711,6.1418733822264575e-06,0.00019812494781376675,0.032
178.0,0.0,0.4900000000000002,173.04049828637383,1.925668644085412e-05,0.0006017714512766303,0.031
176.0,0.0,0.5099999999999998,173.04993348246867,1.3986581605708933e-05,0.0004511800517970567,0.032
174.0,0.0,0.40000000000000036,173.05340854689692,1.6451913789118038e-05,0.0005141223059099465,0.032
171.0,0.0,0.41999999999999993,173.0522295424414,1.3175901145880564e-05,0.0004117469108087518,0.032
169.0,0.0,0.5700000000000003,173.04234283810868,1.4441713113408352e-05,0.0004513035347939853,0.031
169.0,0.0,0.3899999999999988,173.02540256284095,1.804778051094464e-05,0.0005821864680949729,0.032
162.0,0.0,0.3699999999999992,173.01028393052852,1.3832590282190139e-05,0.00043226844631846935,0.032
164.0,0.0,0.4399999999999995,172.97572549631553,1.4556304745487033e-05,0.000454884523296471,0.031
163.0,0.0,0.25,172.94631067025213,1.4992555625820404e-05,0.00048363082663936913,0.032
159.0,0.0,0.4399999999999995,172.91606713593606,1.0334950413629942e-05,0.0003229672004260101,0.031
150.0,0.0,0.28999999999999915,172.87301848518018,1.588773209453792e-05,0.00051250748692064,0.032
149.0,0.0,0.47999999999999865,172.8065580004752,1.4247527355010223e-05,0.0004452352298440972,0.032
153.0,0.0,0.28999999999999915,172.7358972922112,2.078176688295246e-05,0.0006494302150923005,0.032
149.0,0.0,0.4499999999999993,172.67849342707282,1.3622412307914098e-05,0.0004257003846223075,0.031
147.0,0.0,0.379999999999999,172.6088580866667,1.7960517584691904e-05,0.0005793715349899249,0.032
148.0,0.0,0.33000000000000007,172.53475065788172,1.7799925150612288e-05,0.000556247660956619,0.031
145.0,0.0,0.4599999999999991,172.46426395204395,1.4470392140690178e-05,0.0004667868432480556,0.032
146.0,0.0,0.40000000000000036,172.38473620822054,2.084268869189211e-05,0.0006513340216215281,0.033
148.0,0.0,0.11999999999999922,172.30893043756225,2.0422508572107826e-05,0.0006188638961245713,0.032
149.0,0.0,0.4299999999999997,172.24157815744158,8.85404862115343e-06,0.0002766890194110169,0.03
152.0,0.0,0.41999999999999993,172.17445114888125,1.5656677991386903e-05,0.0005218892663796196,0.032
152.0,0.0,0.5499999999999989,172.1159082547713,1.8053549580190874e-05,0.0005641734243809467,0.032
157.0,0.0,0.4499999999999993,172.05648807043005,2.2385398927079836e-05,0.0006995437164712738,0.032
160.0,0.0,0.33000000000000007,172.0117790015161,1.8035933939788816e-05,0.0005636229356182938,0.031
163.0,0.0,0.4299999999999997,171.97647125768958,1.2201376281380465e-05,0.0003935927832703774,0.032
165.0,0.0,0.35999999999999943,171.9484871072327,1.6155975384381174e-05,0.0005048742307618571,0.032
171.0,0.0,0.33999999999999986,171.92663455426947,1.341299840691595e-05,0.0004191562002161265,0.03
169.0,0.0,0.29999999999999893,171.9210796989166,9.513649201187371e-06,0.00031712164003959084,0.032
173.0,0.0,0.5,171.9105982085641,1.0605634677998785e-05,0.0003314260836874748,0.033
172.0,0.0,0.35999999999999943,171.9089806948002,1.8082016262281046e-05,0.000547939886735757,0.031
176.0,0.0,0.3899999999999988,171.9059812708808,1.0919571684109308e-05,0.00035224424787444166,0.031
172.0,0.0,0.5099999999999998,171.91328473126214,1.1105491759105585e-05,0.0003582416696486221,0.032
172.0,0.0,0.5399999999999991,171.90895141761962,1.70225678706549e-05,0.0005319552459579944,0.032
170.0,0.0,0.4900000000000002,171.90437167805146,1.802405048081958e-05,0.0005632515775256093,0.032
168.0,0.0,0.4299999999999997,171.8950246352764,1.675120118827556e-05,0.0005234750371335262,0.031
164.0,0.0,0.3699999999999992,171.88103669005605,1.3768405897494666e-05,0.00044414212572561635,0.032
162.0,0.0,0.6899999999999995,171.8572369433558,1.3933103378342296e-05,0.0004354094805731977,0.032
160.0,0.0,0.41000000000000014,171.82554346330517,2.5018694914671152e-05,0.0007818342160832556,0.032
154.0,0.0,0.3699999999999992,171.79129303149355,1.6055818884407685e-05,0.000501744340137717,0.031
151.0,0.0,0.35999999999999943,171.74206952398433,1.4464161928272072e-05,0.0004665858686539894,0.032
152.0,0.0,0.3899999999999988,171.68545619548874,1.6162572859882668e-05,0.0005050804018713958,0.031
152.0,0.0,0.3699999999999992,171.63144189808688,1.541505038826495e-05,0.0004972596899439757,0.033
150.0,0.0,0.25,171.57787956869026,1.784812799691441e-05,0.0005408523635428163,0.031
152.0,0.0,0.4599999999999991,171.52051740485095,1.1505149456195796e-05,0.0003711338534256645,0.031
154.0,0.0,0.28999999999999915,171.4667320724627,1.751169458503396e-05,0.0005648933737107746,0.032
154.0,0.0,0.5,171.4197769706952,1.3171028517435695e-05,0.00041159464116981493,0.032
157.0,0.0,0.5199999999999996,171.37125156781872,2.0178115964344107e-05,0.0006305661238857597,0.038
157.0,0.0,0.4900000000000002,171.33039545995376,3.387603309119117e-05,0.0008914745550313712,0.025
159.0,0.0,0.41000000000000014,171.28999472777815,9.17256399002518e-06,0.0003669025596008936,0.032
161.0,0.0,0.27999999999999936,171.25552757328444,1.6148591904481705e-05,0.0005046434970150563,0.032
164.0,0.0,0.379999999999999,171.22736642520056,1.1399558553767364e-05,0.00035623620480529247,0.031
165.0,0.0,0.5899999999999999,171.2060150496003,1.2853570357155874e-05,0.00041463130184368985,0.032
171.0,0.0,0.33999999999999986,171.1854871842576,2.0949936918617253e-05,0.0006546855287068761,0.032
168.0,0.0,0.4399999999999995,171.18213889570686,1.1396907520106068e-05,0.00035615336000325204,0.031
171.0,0.0,0.4499999999999993,171.17050248625873,1.3943098712933198e-05,0.00044977737783654493,0.031
175.0,0.0,0.47999999999999865,171.16628270076924,1.370103181042198e-05,0.0004419687680781404,0.033
174.0,0.0,0.34999999999999964,171.17173309030224,1.6749302291999485e-05,0.0005075546149090214,0.031
171.0,0.0,0.33999999999999986,171.1757763510223,1.0119700998532895e-05,0.0003264419676946539,0.031
170.0,0.0,0.4399999999999995,171.17249610954767,1.0360405155803508e-05,0.00033420661792915617,0.032
170.0,0.0,0.40000000000000036,171.16594077859259,1.4934837410441654e-05,0.0004667136690763872,0.032
167.0,0.0,0.4900000000000002,171.15974925956854,1.3597069653214083e-05,0.000424908426663005,0.032
166.0,0.0,0.3699999999999992,171.14550630758143,1.720093933259878e-05,0.0005375293541437114,0.031
163.0,0.0,0.27999999999999936,171.1298865122139,1.2172544508403798e-05,0.00039266272607752666,0.032
159.0,0.0,0.4599999999999991,171.10778893302262,1.0975980410555467e-05,0.0003429993878299049,0.032
160.0,0.0,0.47999999999999865,171.07460681817747,1.778309959769108e-05,0.0005557218624278288,0.032
157.0,0.0,0.5,171.0438402018328,1.8245375552259337e-05,0.0005701679860081588,0.031
155.0,0.0,0.4599999999999991,171.0058114174927,1.7734636193783164e-05,0.0005720850385091582,0.032
152.0,0.0,0.27999999999999936,170.96347447153772,1.8560254170185606e-05,0.0005800079428183159,0.032
151.0,0.0,0.4299999999999997,170.915599030253,1.3135822242274085e-05,0.0004104944450711328,0.032
152.0,0.0,0.40000000000000036,170.86433513576185,1.8337407606870136e-05,0.000573043987714743,0.031
148.0,0.0,0.5,170.8159507119052,1.557067265509465e-05,0.0005022797630675328,0.031
150.0,0.0,0.41000000000000014,170.75744099822265,1.932479602422544e-05,0.0006233805169104416,0.033
151.0,0.0,0.4499999999999993,170.70469910342388,1.9560760261914613e-05,0.0005927503109671308,0.031
151.0,0.0,0.4499999999999993,170.65425980009067,1.724197216604426e-05,0.0005561926505176122,0.031
149.0,0.0,0.5,170.60405995503396,1.7232850918814065e-05,0.000555898416735952,0.032
154.0,0.0,1.7199999999999989,170.54896837857092,2.1012994394638326e-05,0.0006566560748325493,0.032
155.0,0.0,0.3699999999999992,170.4961562175629,6.0767414561601616e-05,0.001898981705050214,0.032
156.0,0.0,0.3099999999999987,170.45672166222826,1.5451790776410016e-05,0.0004828684617628426,0.031
155.0,0.0,0.4599999999999991,170.42031051002456,1.203782679657859e-05,0.00038831699343792935,0.032
162.0,0.0,0.40000000000000036,170.38053617543093,1.8443759292318513e-05,0.0005763674778849778,0.032
165.0,0.0,0.41999999999999993,170.35777683230677,1.5035529518590097e-05,0.0004698602974559674,0.032
165.0,0.0,0.47999999999999865,170.34195907799008,1.510111118937557e-05,0.0004719097246679568,0.031
168.0,0.0,0.4499999999999993,170.32574067815207,1.5549886581265687e-05,0.0005016092445569205,0.032
170.0,0.0,0.41000000000000014,170.31679441749887,1.5498957576296925e-05,0.000484342424259419,0.032
173.0,0.0,0.4399999999999995,170.31283367047388,1.3761953941509999e-05,0.00043006106067222216,0.032
170.0,0.0,0.35999999999999943,170.31558466211013,1.4165379015771051e-05,0.0004426680942428371,0.031
170.0,0.0,0.47999999999999865,170.3120363450453,1.0993351368440506e-05,0.00035462423769165173,0.032
169.0,0.0,0.4399999999999995,170.30756853931877,1.609983002131173e-05,0.0005031196881661311,0.031
169.0,0.0,0.40000000000000036,170.30113763720797,1.3603437525959532e-05,0.00043882056535352764,0.033
166.0,0.0,0.4399999999999995,170.2950481722301,1.4940701593620183e-05,0.0004527485331400271,0.03
